<?xml version="1.0" encoding="UTF-8"?>
<jdbcDataSource>
    <folder>/datasources</folder>
    <name>Java_ProjDB</name>
    <version>0</version>
    <label>Java_ProjDB</label>
    <description>ProjDB database in java environment</description>
    <creationDate>2013-12-03T17:10:15.000+03:00</creationDate>
    <updateDate>2013-12-03T17:10:15.000+03:00</updateDate>
    <driver>com.mysql.jdbc.Driver</driver>
    <connectionUrl>jdbc:mysql://localhost:3306/projdb</connectionUrl>
    <connectionUser>root</connectionUser>
    <connectionPassword>mysql</connectionPassword>
    <timezone></timezone>
</jdbcDataSource>
