{
    "usa" : {
        "D" : ["Sun", "Mon", "Tue", "Wen", "Thu", "Fri", "Sat"],
        "l" : ["Sunday", "Monday", "Tuesday", "Wednesday", "Thursday", "Friday", "Saturday"],
        "M" : ["Jan", "Feb", "Mar", "Apr", "May", "Jun", "Jul", "Aug", "Sep", "Oct", "Nov", "Dec"],
        "F" : ["January", "February", "March", "April", "May", "June", "July",
            "August", "September", "October", "November", "December"],
        "format" : "%l, %F %d, %Y %h:%i:%s %A"
    },
    "eng" : {
        "D" : ["Sun", "Mon", "Tue", "Wed", "Thu", "Fri", "Sat"],
        "l" : ["Sunday", "Monday", "Tuesday", "Wednesday", "Thursday", "Friday", "Saturday"],
        "M" : ["Jan", "Feb", "Mar", "Apr", "May", "Jun", "Jul", "Aug", "Sep", "Oct", "Nov", "Dec"],
        "F" : ["January", "February", "March", "April", "May", "June", "July",
            "August", "September", "October", "November", "December"],
        "format" : "%l, %d %F %Y %H:%i:%s"
    },
    "ita" : {
        "D" : ["Dom", "Lun", "Mar", "Mer", "Gio", "Ven", "Sab"],
        "l" : ["Domenica", "Lunedì", "Martedì", "Mercoledì", "Giovedì", "Venerdì", "Sabato"],
        "M" : ["Gen", "Feb", "Mar", "Apr", "Mag", "Giu", "Lug", "Ago", "Set", "Ott", "Nov", "Dic"],
        "F" : ["Gennaio", "Febbraio", "Marzo", "Aprile", "Maggio", "Giugno",
            "Luglio","Agosto", "Settembre", "Ottobre", "Novembre", "Dicembre"],
        "format" : "%l %d %F %Y %H:%i:%s"
    },
    "deu" : {
        "D" : ["So.", "Mo.", "Di.", "Mi.", "Do.", "Fr.", "Sa."],
        "l" : ["Sonntag", "Montag", "Dienstag", "Mittwoch", "Donnerstag", "Freitag", "Samstag"],
        "M" : ["Jan", "Feb", "Mär", "Apr", "Mai", "Jun", "Jul", "Aug", "Sep", "Okt", "Nov", "Dez"],
        "F" : ["Januar", "Februar", "März", "April", "Mai", "Juni", "Juli",
            "August", "September", "Oktober", "November", "Dezember"],
        "format" : "%l, %d. %F %Y %H:%i:%s"
    },
    "fra" : {
        "D" : ["dim.", "lun.", "mar.", "mer.", "jeu.", "ven.", "sam."],
        "l" : ["dimanche", "lundi", "mardi", "mercredi", "jeudi", "vendredi", "samedi"],
        "M" : ["janv.", "févr.", "mars", "avr.", "mai", "juin", "juil.", "août", "sept.", "oct.", "nov.", "déc."],
        "F" : ["janvier", "février", "mars", "avril", "mai", "juin", "juillet",
            "août", "septembre", "octobre", "novembre", "décembre"],
        "format" : "%l %d %F %Y %H:%i:%s"
    },

    "spa" : {
        "D" : ["dom", "lun", "mar", "mié", "jue", "vie", "sáb"],
        "l" : ["domingo", "lunes", "martes", "miércoles", "jueves", "viernes", "sábado"],
        "M" : ["ene", "feb", "mar", "abr", "may", "jun", "jul", "ago", "sep", "oct", "nov", "dic"],
        "F" : ["enero", "febrero", "marzo", "abril", "mayo", "junio", "julio", "agosto", "septiembre", "octubre",
               "noviembre", "diciembre"],
        "format" : "%l %d de %F de %Y %H:%i:%s"
    },

    "por" : {
        "D" : ["dom", "seg", "ter", "qua", "qui", "sex", "sáb"],
        "l" : ["domingo", "segunda-feira", "terça-feira", "quarta-feira", "quinta-feira", "sexta-feira", "sábado"],
        "M" : ["jan", "fev", "mar", "abr", "mai", "jun", "jul", "ago", "set", "out", "nov", "dez"],
        "F" : ["janeiro", "fevereiro", "março", "abril", "maio", "junho", "julho", "agosto", "setembro", "outubro",
               "novembro", "dezembro"],
        "format" : "%l, %d de %F de %Y %H:%i:%s"
    },

    "hrv" : {
        "D" : ["ned", "pon", "uto", "sri", "čet", "pet", "sub"],
        "l" : ["nedjelja", "ponedjeljak", "utorak", "srijeda", "četvrtak", "petak", "subota"],
        "M" : ["sij", "velj", "ožu", "tra", "svi", "lip", "srp", "kol", "ruj", "lis", "stu", "pro"],
        "F" : ["siječnja", "veljače", "ožujka", "travnja", "svibnja", "lipnja", "srpnja", "kolovoza",
               "rujna", "listopada", "studenoga", "prosinca"],
        "format" : "%l, %d. %F %Y. %H:%i:%s"
    },

    "rus" : {
        "D" : ["вс", "пн", "вт", "ср", "чт", "пт", "сб"],
        "l" : ["воскресенье", "понедельник", "вторник", "среда", "четверг", "пятница", "суббота"],
        "M" : ["янв.", "февр.", "марта", "апр.", "мая", "июня", "июля", "авг.", "сент.", "окт.", "нояб.", "дек."],
        "F" : ["января", "февраля", "марта", "апреля", "мая", "июня", "июля", "августа", "сентября",
               "октября", "ноября", "декабря"],
        "format" : "%l, %d %F %Y г. %H:%i:%s"
    },

    "zho" : {
        "D" : ["周日", "周一", "周二", "周三", "周四", "周五", "周六"],
        "l" : ["星期日", "星期一", "星期二", "星期三", "星期四", "星期五", "星期六"],
        "M" : ["1月", "2月", "3月", "4月", "5月", "6月", "7月", "8月", "9月", "10月", "11月", "12月"],
        "F" : ["1月", "2月", "3月", "4月", "5月", "6月", "7月", "8月", "9月", "10月", "11月", "12月"],
        "ampm" : ["上午", "下午"],
        "format" : "%Y年%F%d%l %a%g:%i:%s"
    },

    "jpn" : {
        "D" : ["日", "月", "火", "水", "木", "金", "土"],
        "l" : ["日曜日", "月曜日", "火曜日", "水曜日", "木曜日", "金曜日", "土曜日"],
        "M" : ["1月", "2月", "3月", "4月", "5月", "6月", "7月", "8月", "9月", "10月", "11月", "12月"],
        "F" : ["1月", "2月", "3月", "4月", "5月", "6月", "7月", "8月", "9月", "10月", "11月", "12月"],
        "format" : "%Y年%F%d%l %G:%i:%s"
    }
}